test_id,group,requires_rejection,historical_is_neg,historical_bucket,source,gen_type,tree_type,component,location,equation_present,legacy_equation_present,expected_result,question
Q0045,荒漠植被_乌兰布和,True,False,bucket_main,《乌兰布和沙漠东北缘荒漠-绿洲过渡带植被地上生物量估算》,原有,白刺,地上生物量,内蒙古,True,False,,乌兰布和沙漠那边的白刺，想估算地上生物量，有公式吗？（位于内蒙古）
Q0046,荒漠植被_乌兰布和,True,False,bucket_main,《乌兰布和沙漠东北缘荒漠-绿洲过渡带植被地上生物量估算》,原有,沙蒿,地上生物量,内蒙古,True,False,,沙蒿的地上生物量怎么估算？（位于内蒙古）
Q0068,云南省_林分转换,True,False,bucket_main,《云南省森林碳储量现状与动态分析》,原有,云南松,生物量,云南省,True,False,,云南松的林分，每公顷蓄积量80立方米，单位面积生物量多少？
Q0083,北京妙峰山_灌草,True,False,bucket_main,《森林生态系统内灌草植被生物量估测方法的研究》,原有,小花溲疏,整株生物量,北京妙峰山林场,True,False,,北京妙峰山的小花溲疏，林地面积大概2平方米，整株生物量怎么估算？
Q0084,北京妙峰山_黑枣,True,False,bucket_main,《森林生态系统内灌草植被生物量估测方法的研究》,原有,黑枣,整株生物量,北京妙峰山林场,True,False,,黑枣的整株生物量，只知道林地面积是3平方米，有公式吗？（位于北京妙峰山林场）
Q0237,错误理解_方程链,True,False,bucket_rejection,,原有,杉木,叶总量,湖南,False,False,,湖南杉木没有叶生物量方程，能否先算地上部分总量，再减去干材和枝条得到叶量？
Q0283,边界样本_超大径木,True,False,bucket_rejection,biomass_1063,原有,马尾松,干总量,广西,False,False,,"广西马尾松老龄林,胸径45cm,超过方程适用范围(2.0-38.0cm),能否外推?"
Q0306,福建_木麻黄,True,False,bucket_main,"《Hong, Y.C., Xu, W.Q., Ye, G.F., and Zhang, L.H.: Model for estimating biomass of Casuarina equisetifolia planation in coastal region of the southeastern China》",原有,木麻黄,干总量,福建,True,False,,福建沿海的木麻黄，胸径8厘米，树干生物量怎么算？
Q0318,负样本_径级不匹配,False,True,bucket_rejection,biomass_1935-1940,原有,小黑杨,干材,山西,True,False,推荐使用19.2-28.2cm径级段方程 W=0.106*D^2.251，因为22cm更接近该段中心值,山西小黑杨，胸径22cm，使用15.1-24.5cm径级段方程，还是使用19.2-28.2cm径级段方程？
Q0321,负样本_样本量过小,False,True,bucket_rejection,biomass_1957-1966,原有,湿地松,枝总量,江西,True,False,不推荐：样本量仅4且R²=0.4834极低，统计可靠性差，建议寻找样本量更大的方程,江西湿地松方程样本量只有4，可靠吗？
Q0346,负样本_参数超范围,False,True,bucket_rejection,biomass_2062,原有,侧柏,枝总量,江苏,True,False,"不建议使用biomass_2062方程。该方程适用范围为胸径4.5-20.1cm、树高3.3-9.8m，您的参数(D=25cm, H=11m)明显超出上限。外推使用存在较大误差风险，建议寻找大径级侧柏方程。",江苏侧柏，胸径25cm、树高11m，枝生物量？
Q0347,负样本_小样本量,False,True,bucket_rejection,biomass_2097,原有,毛白杨,枝总量,河南,True,False,可使用biomass_2097方程: W=0.006*D^3.012，但需注意该方程仅基于5个样本，统计可靠性较低。且指数高达3.012，表明生物量随胸径快速增长，外推风险大。建议结合其他方程验证，或说明预测值存在较大不确定性。,河南毛白杨，胸径8cm，枝生物量？注意样本量。
Q0363,树种泛化_红松_安徽,True,False,bucket_rejection,林业方程_统一格式.json,树种泛化,红松,干总量,安徽,False,False,,安徽大别山有一片红松人工林，胸径15厘米，树高12米，想估算树干生物量，但我找不到安徽的红松方程，该怎么办？
Q0364,树种泛化_白桦_河南,True,False,bucket_rejection,林业方程_统一格式.json,树种泛化,白桦,全树总量,河南,False,False,,河南伏牛山海拔1800米处有白桦林，胸径10厘米，想估算整株生物量，河南有白桦的方程吗？
Q0365,树种泛化_兴安落叶松_湖南,True,False,bucket_rejection,林业方程_统一格式.json,树种泛化,兴安落叶松,干总量,湖南,False,False,,湖南张家界景区有一批引种的兴安落叶松，胸径16厘米，树高14米，想估算树干生物量，有方程可用吗？
Q0366,树种泛化_红松_贵州,True,False,bucket_rejection,林业方程_统一格式.json,树种泛化,红松,全树总量,贵州,False,False,,贵州遵义有块红松试验林，胸径18厘米，研究人员想用现有方程估算全树生物量，贵州有红松方程吗？
Q0367,树种泛化_华北落叶松_云南,True,False,bucket_rejection,林业方程_统一格式.json,树种泛化,华北落叶松,地上部分总量,云南,False,False,,云南香格里拉海拔3000米处有华北落叶松造林，胸径10厘米，树高8米，当地没有方程怎么办？
Q0368,树种泛化_兴安落叶松_浙江,True,False,bucket_rejection,林业方程_统一格式.json,树种泛化,兴安落叶松,干总量,浙江,False,False,,浙江某林场引种了兴安落叶松作为观赏林，胸径12厘米，树高10米，能用黑龙江的方程估算干材生物量吗？
Q0369,地区泛化_马尾松_山西,True,False,bucket_rejection,林业方程_统一格式.json,地区泛化,马尾松,全树总量,山西,False,False,,山西运城有片马尾松林，胸径14厘米，树高11米，想估算全树生物量，山西没有马尾松专用方程怎么办？（位于太行山）
Q0370,地区泛化_杉木_内蒙古,True,False,bucket_rejection,林业方程_统一格式.json,地区泛化,杉木,干材,内蒙古,False,False,,内蒙古某林场试种了一批杉木，胸径12厘米，树高10米，内蒙古没有杉木方程，该如何估算干材生物量？（位于呼和浩特）
Q0371,地区泛化_红松_山东,True,False,bucket_rejection,林业方程_统一格式.json,地区泛化,红松,干总量,山东,False,False,,山东泰山有一批红松人工林，胸径18厘米，树高15米，山东有红松生物量方程吗？（位于石家庄）
Q0372,地区泛化_云南松_四川,True,False,bucket_rejection,林业方程_统一格式.json,地区泛化,云南松,干材,四川,False,False,,四川攀枝花有大片云南松，胸径15厘米，树高12米，四川有云南松方程吗？没有的话用哪个省的？（位于雅安）
Q0373,地区泛化_兴安落叶松_广西,True,False,bucket_rejection,林业方程_统一格式.json,地区泛化,兴安落叶松,干总量,广西,False,False,,广西某高校植物园引种了兴安落叶松做研究，胸径16厘米，广西有这个树种的方程吗？能用黑龙江的吗？（位于桂林）
Q0374,地区泛化_侧柏_云南,True,False,bucket_rejection,林业方程_统一格式.json,地区泛化,侧柏,干总量,云南,False,False,,云南昆明附近有人工种植的侧柏，胸径10厘米，云南有侧柏方程吗？能用北京或山西的吗？（位于楚雄）
Q0375,地区泛化_毛白杨_福建,True,False,bucket_rejection,林业方程_统一格式.json,地区泛化,毛白杨,全树总量,福建,False,False,,福建某地引种了毛白杨作为速生林，胸径16厘米，树高14米，福建没有毛白杨方程，能借用哪个省的？（位于南平）
Q0376,地区泛化_橡胶树_广东,True,False,bucket_rejection,林业方程_统一格式.json,地区泛化,橡胶树,全树总量,广东,False,False,,广东湛江有橡胶树种植园，胸径22厘米，想估算整株生物量，广东有橡胶树方程吗？（位于韶关）
Q0380,意图理解_否定排除,True,False,bucket_rejection,黑龙江省_碳汇树种,意图理解,红松,地上部分总量,黑龙江,False,False,,黑龙江红松，胸径20厘米，我不要根系的，不要树皮的，就想知道干材加上枝和叶的总重量
Q0382,意图理解_比较意图,True,False,bucket_rejection,湖南_杉木,意图理解,杉木,比较,湖南,False,False,,湖南的杉木，胸径20厘米，树高15米，算干材和算全树，结果差多少？各占比多少？
GEN_错误_0076,,False,True,bucket_rejection,自动生成_真实场景_deepseek,,急尖长苞冷杉,干皮,西藏,True,False,需纠错,我在西藏做急尖长苞冷杉的干皮生物量测算，用了公式 W=-2.3216+0.1389*D+0.1037*D^1.8，胸径D取15cm算出来是25.3kg。这个1.8次方的参数和结果应该没问题吧？
GEN_错误_0077,,False,True,bucket_rejection,自动生成_真实场景_deepseek,,加拿大杨I-72,地上部分总量,江苏,True,False,需纠错,你好，我查资料看到江苏地区的加拿大杨I-72地上部分生物量公式是W=3.2*D^1.39，我用胸径D=15cm计算得到W≈3.2*15^1.39≈3.2*34.5≈110.4kg。这个计算方法和结果正确吗？
GEN_错误_0078,,False,True,bucket_rejection,自动生成_真实场景_deepseek,,油松,地上部分总量,山西,True,False,需纠错,你好，我在计算山西油松地上部分生物量时，参考了文献中的公式ln(W)=-2.45608+2.42057*ln(D)，但实际操作中我用了ln(W)=-2.45608+2.42057*D（没有取D的对数），因为我觉得直径D直接代入更直观。我这样计算对吗？
GEN_错误_0079,,False,True,bucket_rejection,自动生成_真实场景_deepseek,,小果毛漆树,地上部分总量,湖南,True,False,需纠错,您好，我在湖南做小果毛漆树地上部分生物量测算，看到文献里有个公式是 ln(W)=0.599963350266612+2.5175*ln(D0)，但我记得之前好像用的是 ln(W)=0.599963350266612+2.5175*ln(D0)+0.1*ln(H)，其中 H 是树高。我这次测了几棵树的胸径 D0 分别是 15cm、20cm、25cm，树高大约都在 8-10 米，用我记忆里这个带树高的公式算出来结果感觉挺合理的。您帮我确认一下，在湖南地区测小果毛漆树地上部分总量，是不是应该用这个带树高 H 的公式更准确？
GEN_错误_0080,,False,True,bucket_rejection,自动生成_真实场景_deepseek,,杉木,干皮,广西,True,False,需纠错,你好，我计算广西杉木的干皮生物量时，用了公式 lg(W) = -2.0626 + 0.8022 * lg(D^2 * H)，但代入数据后结果偏小。我检查发现公式里 D 用的是胸径（单位厘米），H 用的是树高（单位米），单位应该没问题。会不会是公式中 D 应该用半径而不是直径？或者这个公式其实应该是 lg(W) = -2.0626 + 0.8022 * lg(D * H) 才对？我有点不确定，能帮我确认一下吗？
GEN_错误_0081,,False,True,bucket_rejection,自动生成_真实场景_deepseek,,火炬松,叶总量,江苏,True,False,需纠错,我计算江苏火炬松的叶总量时，用了公式 ln(W) = -6.7403 + 1.1395 * ln(D * H)，其中 D=25cm，H=15m。我算出来 ln(W) ≈ -1.2，所以 W ≈ 0.3kg。这个算法对吗？
GEN_错误_0082,,False,True,bucket_rejection,自动生成_真实场景_deepseek,,观光木,全树总量,广西,True,False,需纠错,我在广西做观光木的生物量调查，用胸径D=25cm、树高H=15m的数据，套用公式W=0.0459898371632072*(D^2*H)^0.9计算全树总量，得到约210kg。这个计算流程和参数应该没问题吧？
GEN_错误_0083,,False,True,bucket_rejection,自动生成_真实场景_deepseek,,油松,枝,小秦岭国家级自然保护区,True,False,需纠错,我在小秦岭国家级自然保护区做油松生物量研究，需要计算枝的生物量。我查到一个公式是 W=exp(2.57733*log(D) - 4.08026)，但同事说应该用 W=exp(2.57733*log(D) - 3.98026)，因为保护区海拔较高需要调整参数。我按同事说的减3.98026算出来结果好像更合理些，这样调整对吗？
GEN_错误_0084,,False,True,bucket_rejection,自动生成_真实场景_deepseek,,湿地松,枝总量,江西,True,False,需纠错,我在江西测量了一棵湿地松，胸径D=25cm，树高H=15m。我用公式W=1.409549778*(D^2*H)^0.3计算枝总量，算出来大约是42.6kg。这个公式和参数我用对了吗？
GEN_错误_0085,,False,True,bucket_rejection,自动生成_真实场景_deepseek,,油茶,细枝,湖南,True,False,需纠错,你好，我在湖南做油茶细枝生物量测算，看到文献里有个公式W=0.1304*D0^2.145，我用这个算出来的结果和同事用其他方法测的有差异，但我觉得这个指数2.145更合理，因为之前测其他树种也接近这个值。请问我用这个公式计算湖南油茶细枝生物量是否正确？
GEN_错误_0086,,False,True,bucket_rejection,自动生成_真实场景_deepseek,,合果木,地上部分总量,广西,True,False,需纠错,你好，我在广西做合果木生物量调查，需要计算地上部分总量。我查到的公式是W=0.1977*D^2.2895，但我记得之前看到过另一个版本是W=0.1977*D^2.3，我觉得用2.3这个整数指数计算起来更方便，而且结果应该差不多吧？我这样简化处理可以吗？
GEN_错误_0087,,False,True,bucket_rejection,自动生成_真实场景_deepseek,,油松,干总量,四川,True,False,需纠错,您好，我在四川做油松生物量测算时，参考了文献中‘干总量’的公式 ln(W)=-1.64575+0.762568*ln(D^2*H)，但实际计算时我用了 ln(W)=-1.64575+0.762568*ln(D*H)（去掉了D的平方），因为我觉得直径平方可能会高估结果。请问我这样简化计算可以吗？
GEN_错误_0088,,False,True,bucket_rejection,自动生成_真实场景_deepseek,,其他松类,干,福建省,True,False,需纠错,你好，我在计算福建省其他松类树干生物量时，参考了文献中的公式 W=1.71*D^0.688*H，其中D是胸径（cm），H是树高（m）。我计算了一棵胸径25cm、树高15m的样本，得到 W=1.71*25^0.688*15 ≈ 64.2 kg。这个计算过程和结果正确吗？
GEN_错误_0089,,False,True,bucket_rejection,自动生成_真实场景_deepseek,,思茅松,树桩,云南,True,False,需纠错,我在云南测量了一棵思茅松的树桩，直径D=30cm。我查到的公式是W=0.0274+0.0009*D^2，算出来W=0.0274+0.0009*900=0.8374kg。这个算法对吗？
GEN_错误_0090,,False,True,bucket_rejection,自动生成_真实场景_deepseek,,杉木,果实,湖南,True,False,需纠错,你好，我在计算湖南杉木果实生物量时，使用了公式 lg(W) = -3.61329 + 0.68994 * lg(D^2 * H)，其中 D=15cm，H=8m。但我同事说应该用 lg(W) = -3.61329 + 0.68994 * lg(D + H) 来计算，说这样更准确。我算出来的结果是 12.5kg，他算的是 8.3kg。请问我的计算方法和参数选择对吗？
GEN_错误_0091,,False,True,bucket_rejection,自动生成_真实场景_deepseek,,云南金沙江流域云南松,volume,金沙江流域（丽江、楚雄州、中旬县）,True,False,需纠错,你好，我在计算云南金沙江流域云南松的材积时，使用了这个公式：V=0.00005829012*(0.97*D_{围})^1.979634*H^0.907152，其中树高H我直接用了实测值。我测得D_{围}=40cm，H=25m，计算出的材积约为0.45m³。请问我这样直接使用实测H值代入公式计算是否正确？
GEN_错误_0092,,False,True,bucket_rejection,自动生成_真实场景_deepseek,,水杉,叶总量,江苏,True,False,需纠错,你好，我在江苏测量水杉的叶总量时，使用了方程 ln(W) = -2.2778 + 0.4602 * ln(D * H) 来计算。我测得的胸径D=30cm，树高H=20m，代入后算出W约15.2kg。这个公式和计算过程对吗？
GEN_错误_0093,,False,True,bucket_rejection,自动生成_真实场景_deepseek,,日本落叶松,地下部分总量,四川,True,False,需纠错,你好，我在计算四川地区日本落叶松地下部分生物量时，参考了文献中W=0.0019*(D^2*H)^1.095这个公式（指数是1.095），用胸径D=25cm、树高H=15m的数据算出来约38.6kg。这个计算方法和结果应该没问题吧？
GEN_错误_0094,,False,True,bucket_rejection,自动生成_真实场景_deepseek,,檫木,叶总量,福建,True,False,需纠错,你好，我在福建做檫木生物量研究，需要计算单株叶总量。我查到的公式是 lg(W) = -3.4494 + 1.1984 * lg(D * H)，其中D是胸径（cm），H是树高（m）。我用D=25cm、H=15m代入计算，得出W≈12.3kg。这个计算方法和结果正确吗？
GEN_错误_0095,,False,True,bucket_rejection,自动生成_真实场景_deepseek,,油松,树皮生物量,河南伏牛山区,True,False,需纠错,你好，我在计算河南伏牛山区油松的树皮生物量，用的是公式 W_P = 0.010723 * (D²*H)^0.80398。我测量了一棵样木，胸径D=25cm，树高H=12m，代入计算时，我先算D²=625，然后D²*H=7500，接着算(D²*H)^0.80398时，我直接按计算器得到约7500^0.8≈1584.9，再乘以0.010723得到约17.0kg。但同事说我的计算过程可能有问题，想确认一下我这样算对吗？
GEN_错误_0096,,False,True,bucket_rejection,自动生成_真实场景_deepseek,,水杉,枝总量,湖南,True,False,需纠错,您好，我在湖南测量了一棵水杉，胸径D=25cm，树高H=15m。我用公式W=0.0622883*(D^2*H)^0.6761058计算了它的枝总量，但同事说应该用W=0.0622883*(D^2*H)^0.8761058，因为湖南地区水杉的幂指数需要调整。我查了下资料，好像确实有地区修正系数的说法，所以想确认一下：湖南水杉枝总量计算时，幂指数到底应该是0.6761058还是0.8761058？我的计算过程对吗？
GEN_错误_0097,,False,True,bucket_rejection,自动生成_真实场景_deepseek,,女贞,枝总量,广西,True,False,需纠错,我在广西测量女贞的枝总量，用公式W=0.084+0.004*(D*H)计算，其中D=8cm，H=5m，算出来是0.244kg，这个算法对吗？
GEN_错误_0098,,False,True,bucket_rejection,自动生成_真实场景_deepseek,,油松,侧根,辽宁,True,False,需纠错,您好，我在计算辽宁地区油松的侧根生物量时，使用了方程 ln(W) = -2.86945 + 0.487402 * ln(D * H)，其中 D=25cm，H=12m。我算出的 ln(W) 约为 1.82，这样处理正确吗？
GEN_错误_0099,,False,True,bucket_rejection,自动生成_真实场景_deepseek,,樟树,干总量,贵州,True,False,需纠错,我在贵州测量了一棵樟树，胸径D=25cm，树高H=12m。我用公式W=0.812+0.012*(D*H)计算干总量，得出W≈3.812kg。这个公式和参数用法对吗？
GEN_错误_0100,,False,True,bucket_rejection,自动生成_真实场景_deepseek,,火炬松,树根生物量,青岛市,True,False,需纠错,你好，我在计算青岛市火炬松的树根生物量时，参考了文献里的公式 W = 0.0370 * D^2.2974，但我觉得指数部分可能有问题，就改成了 W = 0.0370 * D^2.3 来计算，这样四舍五入后更简洁，结果应该差不多吧？我这样处理对吗？
