test_id,group,requires_rejection,historical_is_neg,equation_present,legacy_present,primary_in_db,bucket
Q0001,思茅松_云南普洱,False,False,True,False,True,bucket_main
Q0002,思茅松_云南普洱,False,False,True,False,True,bucket_main
Q0003,思茅松_云南普洱,False,False,True,False,True,bucket_main
Q0004,思茅松_云南普洱,False,False,True,False,True,bucket_main
Q0005,思茅松_云南普洱,False,False,True,False,True,bucket_main
Q0006,小秦岭_松类,False,False,True,False,True,bucket_main
Q0007,小秦岭_松类,False,False,True,False,True,bucket_main
Q0008,小秦岭_松类,False,False,True,False,True,bucket_main
Q0009,小秦岭_松类,False,False,True,False,True,bucket_main
Q0010,小秦岭_阔叶树,False,False,True,False,True,bucket_main
Q0011,小秦岭_阔叶树,False,False,True,False,True,bucket_main
Q0012,小秦岭_阔叶树,False,False,True,False,True,bucket_main
Q0013,小秦岭_阔叶树,False,False,True,False,True,bucket_main
Q0014,紫椴_吉林蛟河,False,False,True,False,True,bucket_main
Q0015,紫椴_吉林蛟河,False,False,True,False,True,bucket_main
Q0016,紫椴_吉林蛟河,False,False,True,False,True,bucket_main
Q0017,紫椴_吉林蛟河,False,False,True,False,True,bucket_main
Q0018,亚热带常绿阔叶林_粗根,False,False,True,False,False,bucket_no_db
Q0019,亚热带常绿阔叶林_粗根,False,False,True,False,False,bucket_no_db
Q0020,亚热带常绿阔叶林_粗根,False,False,True,False,False,bucket_no_db
Q0021,全国通用方程_松杉类,False,False,True,False,True,bucket_main
Q0022,全国通用方程_松杉类,False,False,True,False,True,bucket_main
Q0023,亚热带常绿阔叶林_粗根,False,False,True,False,False,bucket_no_db
Q0024,亚热带常绿阔叶林_粗根,False,False,True,False,False,bucket_no_db
Q0025,黑龙江省_碳汇树种,False,False,True,False,True,bucket_main
Q0026,黑龙江省_碳汇树种,False,False,True,False,True,bucket_main
Q0027,黑龙江省_碳汇树种,False,False,True,False,True,bucket_main
Q0028,黑龙江省_碳汇树种,False,False,True,False,True,bucket_main
Q0029,黑龙江省_碳汇树种,False,False,True,False,True,bucket_main
Q0030,黑龙江省_碳汇树种,False,False,True,False,True,bucket_main
Q0031,山西省_森林生态系统,False,False,True,False,True,bucket_main
Q0032,山西省_森林生态系统,False,False,True,False,True,bucket_main
Q0033,山西省_森林生态系统,False,False,True,False,True,bucket_main
Q0034,山西省_森林生态系统,False,False,True,False,True,bucket_main
Q0035,山西省_森林生态系统,False,False,True,False,True,bucket_main
Q0036,山西省_森林生态系统,False,False,True,False,True,bucket_main
Q0037,内蒙古_森林异速生长,False,False,True,False,True,bucket_main
Q0038,内蒙古_森林异速生长,False,False,True,False,True,bucket_main
Q0039,内蒙古_森林异速生长,False,False,True,False,True,bucket_main
Q0040,内蒙古_森林异速生长,False,False,True,False,True,bucket_main
Q0041,内蒙古_森林异速生长,False,False,True,False,True,bucket_main
Q0042,内蒙古_森林异速生长,False,False,True,False,True,bucket_main
Q0043,内蒙古_森林异速生长,False,False,True,False,True,bucket_main
Q0044,内蒙古_森林异速生长,False,False,True,False,True,bucket_main
Q0045,荒漠植被_乌兰布和,True,False,True,False,True,bucket_main
Q0046,荒漠植被_乌兰布和,True,False,True,False,True,bucket_main
Q0047,荒漠植被_乌兰布和,False,False,True,False,True,bucket_main
Q0048,半干旱区樟子松_比例根,False,False,True,False,True,bucket_main
Q0049,福州市_林分蓄积量转换,False,False,True,False,True,bucket_main
Q0050,福州市_经济林面积转换,False,False,True,False,True,bucket_main
Q0051,广东省公益林示范区_碳储量,False,False,False,True,False,bucket_legacy
Q0052,东三省_林分生物量,False,False,True,False,True,bucket_main
Q0053,大兴安岭_兴安落叶松,False,False,True,False,True,bucket_main
Q0054,湖南湘西_马尾松,False,False,True,False,True,bucket_main
Q0055,安徽省_林分转换,False,False,True,False,True,bucket_main
Q0056,广西_桉树全株,False,False,True,False,True,bucket_main
Q0057,广西_经济林树种,False,False,True,False,True,bucket_main
Q0058,广西_栎类,False,False,True,False,True,bucket_main
Q0059,广西_硬阔类,False,False,True,False,True,bucket_main
Q0060,广西_软阔类,False,False,True,False,True,bucket_main
Q0061,广西_石山林,False,False,True,False,True,bucket_main
Q0062,广西_毛竹,False,False,True,False,True,bucket_main
Q0063,广西_丛生竹,False,False,True,False,True,bucket_main
Q0064,广西_油茶,False,False,True,False,True,bucket_main
Q0065,广西_林分蓄积量转换,False,False,True,False,True,bucket_main
Q0067,三峡库区_柏木,False,False,True,False,True,bucket_main
Q0068,云南省_林分转换,True,False,True,False,True,bucket_main
Q0069,云南省_碳储量转换,False,False,False,True,False,bucket_legacy
Q0071,云南省_碳储量转换,False,False,False,True,False,bucket_legacy
Q0072,浙江省_永康市_林分转换,False,False,True,False,True,bucket_main
Q0073,浙江省_永康市_灌木转换,False,False,True,False,True,bucket_main
Q0074,北京妙峰山_白蜡,False,False,True,False,True,bucket_main
Q0075,北京妙峰山_鸡桑幼苗,False,False,True,False,True,bucket_main
Q0076,北京妙峰山_三裂绣线菊,False,False,True,False,True,bucket_main
Q0077,北京妙峰山_五角枫,False,False,True,False,True,bucket_main
Q0078,北京妙峰山_胡枝子,False,False,True,False,True,bucket_main
Q0079,新疆阿尔泰山_落叶松,False,False,True,False,True,bucket_main
Q0080,河北木兰_落叶松,False,False,True,False,True,bucket_main
Q0081,甘肃天水_落叶松,False,False,True,False,True,bucket_main
Q0082,浙江省_永康市_其他林分,False,False,True,False,True,bucket_main
Q0083,北京妙峰山_灌草,True,False,True,False,True,bucket_main
Q0084,北京妙峰山_黑枣,True,False,True,False,True,bucket_main
Q0085,河南伏牛山_油松,False,False,True,False,True,bucket_main
Q0086,河南伏牛山_日本落叶松,False,False,True,False,True,bucket_main
Q0087,河南伏牛山_华山松,False,False,True,False,True,bucket_main
Q0088,广西_杉木,False,False,True,False,True,bucket_main
Q0089,广西_比例根,False,False,False,True,False,bucket_legacy
Q0090,东北地区_落叶松,False,False,True,False,True,bucket_main
Q0091,东北地区_比例根,False,False,False,True,False,bucket_legacy
Q0092,青岛市_黑松,False,False,True,False,True,bucket_main
Q0093,青岛市_杨树,False,False,True,False,True,bucket_main
Q0094,秦岭_栎类,False,False,True,False,True,bucket_main
Q0095,负样本_比例根系数,True,True,False,False,False,bucket_rejection
Q0096,负样本_范围外,True,True,False,False,False,bucket_rejection
Q0097,秦岭_落叶松,False,False,True,False,True,bucket_main
Q0098,秦岭_暖温带落叶阔叶林_径级区分,False,False,True,False,True,bucket_main
Q0099,秦岭_暖温带落叶阔叶林_中径级,False,False,True,False,True,bucket_main
Q0100,山东省_油松,False,False,True,False,True,bucket_main
Q0101,河南省_经济林,False,False,True,False,True,bucket_main
Q0102,江西省_灌木林,False,False,True,False,True,bucket_main
Q0103,小兴安岭_红松,False,False,True,False,True,bucket_main
Q0104,喀斯特森林_罗伞,False,False,True,False,False,bucket_no_db
Q0105,负样本_径级错用,True,True,False,False,False,bucket_rejection
Q0106,负样本_区域不适用,True,True,False,False,False,bucket_rejection
Q0107,小兴安岭_山杨,False,False,True,False,True,bucket_main
Q0108,福建省_油杉,False,False,True,False,True,bucket_main
Q0109,福建省_黑松,False,False,True,False,True,bucket_main
Q0110,福建省_马尾松,False,False,True,False,True,bucket_main
Q0111,福建省_柳杉,False,False,True,False,True,bucket_main
Q0112,福建省_相思,False,False,True,False,True,bucket_main
Q0113,福建省_湿地松,False,False,True,False,True,bucket_main
Q0114,福建省_其他硬阔类,False,False,True,False,True,bucket_main
Q0115,负样本_跨区域,True,True,False,False,False,bucket_rejection
Q0116,青海省_林分转换,False,False,True,False,True,bucket_main
Q0117,海南_热带山地雨林,False,False,True,False,True,bucket_main
Q0118,大兴安岭_兴安落叶松,False,False,True,False,True,bucket_main
Q0119,西藏_云南松,False,False,True,False,True,bucket_main
Q0120,天山_云杉,False,False,True,False,True,bucket_main
Q0121,江苏省_林分转换,False,False,True,False,True,bucket_main
Q0122,东北地区_幼苗,False,False,True,False,True,bucket_main
Q0123,东北地区_幼苗,False,False,True,False,True,bucket_main
Q0124,负样本_跨区域,True,True,False,False,False,bucket_rejection
Q0125,负样本_适用范围,True,True,False,False,False,bucket_rejection
Q0126,东北地区_幼苗期_紫椴,False,False,True,False,True,bucket_main
Q0127,东北林区_红松,False,False,True,False,True,bucket_main
Q0128,青藏高原_针叶林,False,False,True,False,True,bucket_main
Q0129,青藏高原_阔叶林,False,False,True,False,True,bucket_main
Q0130,安徽岭南_杉木,False,False,True,False,True,bucket_main
Q0131,安徽岭南_马尾松,False,False,True,False,True,bucket_main
Q0132,喀斯特森林_黄樟,False,False,True,False,False,bucket_no_db
Q0133,湖北_日本落叶松,False,False,True,False,True,bucket_main
Q0134,负样本_跨区域,True,True,False,False,False,bucket_rejection
Q0135,负样本_径级适用,True,True,False,False,False,bucket_rejection
Q0136,湖北_日本落叶松,False,False,True,False,True,bucket_main
Q0137,湖北_杉木,False,False,True,False,True,bucket_main
Q0138,湖北_马尾松,False,False,True,False,True,bucket_main
Q0139,湖北_柳杉,False,False,True,False,True,bucket_main
Q0140,贵州_柏木,False,False,True,False,True,bucket_main
Q0141,贵州_麻栎,False,False,True,False,True,bucket_main
Q0142,黑龙江_兴安落叶松,False,False,True,False,True,bucket_main
Q0143,内蒙古_兴安落叶松,False,False,True,False,True,bucket_main
Q0144,北京_栓皮栎,False,False,True,False,True,bucket_main
Q0146,北京_栓皮栎,False,False,True,False,True,bucket_main
Q0147,北京_油松,False,False,True,False,True,bucket_main
Q0148,山西_华北落叶松,False,False,True,False,True,bucket_main
Q0149,黑龙江_红松,False,False,True,False,True,bucket_main
Q0150,辽宁_红松,False,False,True,False,True,bucket_main
Q0151,北京_油松_二元,False,False,True,False,True,bucket_main
Q0152,北京_栓皮栎_根系,False,False,True,False,True,bucket_main
Q0153,黑龙江_红松_叶,False,False,True,False,True,bucket_main
Q0154,负样本_范围外,True,True,False,False,False,bucket_rejection
Q0156,甘肃_华山松,False,False,True,False,True,bucket_main
Q0157,陕西_华山松,False,False,True,False,True,bucket_main
Q0158,湖南_杉木,False,False,True,False,True,bucket_main
Q0159,浙江_青冈,False,False,True,False,True,bucket_main
Q0160,浙江_石栎,False,False,True,False,True,bucket_main
Q0161,浙江_其他常绿阔叶树,False,False,True,False,True,bucket_main
Q0162,湖南_杉木_树皮,False,False,True,False,True,bucket_main
Q0163,浙江_青冈_树干,False,False,True,False,True,bucket_main
Q0164,浙江_青冈,False,False,True,False,True,bucket_main
Q0165,浙江_石栎,False,False,True,False,True,bucket_main
Q0166,浙江_其他常绿阔叶树,False,False,True,False,True,bucket_main
Q0167,浙江_落叶栎类,False,False,True,False,True,bucket_main
Q0168,浙江_其他落叶阔叶树,False,False,True,False,True,bucket_main
Q0169,浙江_林下层_青冈,False,False,True,False,True,bucket_main
Q0170,浙江_林下层_其他常绿阔叶树,False,False,True,False,True,bucket_main
Q0171,浙江_青冈_树干,False,False,True,False,True,bucket_main
Q0172,负样本_林下方程用于大树,True,True,False,False,False,bucket_rejection
Q0173,负样本_跨区域,True,True,False,False,False,bucket_rejection
Q0181,陕西_华北落叶松,False,False,True,False,True,bucket_main
Q0182,陕西_油松,False,False,True,False,True,bucket_main
Q0183,陕西_锐齿槲栎,False,False,True,False,True,bucket_main
Q0184,新疆_胡杨,False,False,True,False,True,bucket_main
Q0185,新疆_新疆杨,False,False,True,False,True,bucket_main
Q0186,福建_马尾松,False,False,True,False,False,bucket_no_db
Q0188,福建_马尾松,False,False,True,False,False,bucket_no_db
Q0189,海南_竹柏,False,False,True,False,True,bucket_main
Q0190,福建_楠木,False,False,True,False,True,bucket_main
Q0191,山西_华北落叶松,False,False,True,False,True,bucket_main
Q0192,北京_侧柏,False,False,True,False,True,bucket_main
Q0193,广西_尾巨桉,False,False,True,False,True,bucket_main
Q0194,湖南_黄杞,False,False,True,False,True,bucket_main
Q0195,内蒙古_兴安落叶松,False,False,True,False,True,bucket_main
Q0196,甘肃_日本落叶松,False,False,True,False,True,bucket_main
Q0197,甘肃_华山松,False,False,True,False,True,bucket_main
Q0198,负样本_范围外,True,True,False,False,False,bucket_rejection
Q0199,甘肃_华山松,False,False,True,False,True,bucket_main
Q0200,甘肃_油松,False,False,True,False,True,bucket_main
Q0201,甘肃_通用方程,False,False,True,False,True,bucket_main
Q0202,山西_油松,False,False,True,False,True,bucket_main
Q0203,福建_木荷,False,False,True,False,True,bucket_main
Q0204,内蒙古_白桦,False,False,True,False,True,bucket_main
Q0207,云南_云南松,False,False,True,False,True,bucket_main
Q0208,负样本_范围外,True,True,False,False,False,bucket_rejection
Q0209,正样本_基础匹配,False,False,True,False,True,bucket_main
Q0210,正样本_基础匹配,False,False,True,False,True,bucket_main
Q0211,正样本_通用方程,False,False,True,False,True,bucket_main
Q0212,负样本_树种不匹配,True,True,False,False,False,bucket_rejection
Q0213,负样本_参数超范围,True,True,False,False,False,bucket_rejection
Q0214,负样本_参数超范围,True,True,False,False,False,bucket_rejection
Q0215,负样本_跨区域,True,True,False,False,False,bucket_rejection
Q0216,负样本_跨区域,True,True,False,False,False,bucket_rejection
Q0217,复杂样本_多条件,False,False,True,False,True,bucket_main
Q0218,复杂样本_隐含条件,False,False,True,False,True,bucket_main
Q0219,复杂样本_组分理解,False,False,True,False,True,bucket_main
Q0220,复杂样本_方程形式理解,False,False,True,False,True,bucket_main
Q0221,复杂样本_对数方程,False,False,True,False,True,bucket_main
Q0222,边界样本_单变量,False,False,True,False,True,bucket_main
Q0223,边界样本_单变量,False,False,True,False,True,bucket_main
Q0224,边界样本_极值,False,False,True,False,True,bucket_main
Q0225,应用场景_林分调查,False,False,True,False,False,bucket_rejection
Q0226,应用场景_碳储量,False,False,True,False,True,bucket_main
Q0227,质量控制_R方值,False,False,True,False,True,bucket_main
Q0228,质量控制_样本量,False,False,True,False,True,bucket_main
Q0229,特殊组分_根系分级,False,False,True,False,False,bucket_rejection
Q0230,特殊组分_叶龄分级,False,False,True,False,True,bucket_main
Q0231,负样本_组分错配,True,True,False,False,False,bucket_rejection
Q0232,负样本_单位混淆,True,True,False,False,False,bucket_rejection
Q0233,模糊查询_口语化,False,False,True,False,True,bucket_main
Q0234,模糊查询_不确定参数,False,False,True,False,True,bucket_main
Q0235,综合场景_混交林,False,False,True,False,False,bucket_rejection
Q0236,综合场景_监测对比,False,False,True,False,True,bucket_main
Q0237,错误理解_方程链,True,False,False,False,False,bucket_rejection
Q0238,数据质量_置信度,False,False,True,False,True,bucket_main
Q0239,西藏_急尖长苞冷杉,False,False,True,False,True,bucket_main
Q0240,湖南_杉木,False,False,True,False,True,bucket_main
Q0241,青海_云杉,False,False,True,False,True,bucket_main
Q0242,江苏_水杉,False,False,True,False,True,bucket_main
Q0243,云南_橡胶树,False,False,True,False,True,bucket_main
Q0244,内蒙古_油松,False,False,True,False,False,bucket_no_db
Q0245,内蒙古_兴安落叶松,False,False,True,False,True,bucket_main
Q0246,云南_热带湿性季节雨林,False,False,True,False,True,bucket_main
Q0247,云南_先锋树种,False,False,True,False,True,bucket_main
Q0248,负样本_范围外,True,True,False,False,False,bucket_rejection
Q0249,湖南_杉木,False,False,True,False,True,bucket_main
Q0250,河北_油松,False,False,True,False,True,bucket_main
Q0251,贵州_亮叶桦,False,False,True,False,True,bucket_main
Q0252,浙江_水杉,False,False,True,False,True,bucket_main
Q0253,广东_杉木,False,False,True,False,True,bucket_main
Q0254,云南_耳荚相思,False,False,True,False,True,bucket_main
Q0256,湖南_樟树,False,False,True,False,True,bucket_main
Q0257,负样本_范围外,True,True,False,False,False,bucket_rejection
Q0258,正样本_新树种_油松,False,False,True,False,True,bucket_main
Q0259,正样本_新树种_浙江阔叶,False,False,True,False,True,bucket_main
Q0260,复杂样本_同地多树种,False,False,True,False,False,bucket_rejection
Q0261,正样本_落叶松,False,False,True,False,True,bucket_main
Q0262,负样本_针阔混淆,True,True,False,False,False,bucket_rejection
Q0263,复杂样本_双变量优选,False,False,True,False,True,bucket_main
Q0264,应用场景_杨树速生林,False,False,True,False,True,bucket_main
Q0265,负样本_同科跨种,True,True,False,False,False,bucket_rejection
Q0266,复杂样本_组分细分_枝皮,False,False,True,False,False,bucket_rejection
Q0267,正样本_高样本量,False,False,True,False,True,bucket_main
Q0268,边界样本_小径木,False,False,True,False,True,bucket_main
Q0269,复杂样本_多个地区方程对比,False,False,True,False,False,bucket_rejection
Q0270,应用场景_防护林,False,False,True,False,False,bucket_rejection
Q0271,特殊方程形式_二次项,False,False,True,False,True,bucket_main
Q0272,质量控制_超高R方,False,False,True,False,True,bucket_main
Q0273,负样本_地理跨度,True,True,False,False,False,bucket_rejection
Q0274,复杂样本_双变量单位,False,False,True,False,True,bucket_main
Q0275,正样本_福建杉木,False,False,True,False,True,bucket_main
Q0276,复杂样本_叶量特殊,False,False,True,False,True,bucket_main
Q0277,综合场景_人工林vs天然林,False,False,True,False,True,bucket_main
Q0278,应用场景_组分占比,False,False,True,False,False,bucket_rejection
Q0279,负样本_落叶vs常绿,True,True,False,False,False,bucket_rejection
Q0280,数据质量_无R方值,False,False,True,False,True,bucket_main
Q0281,复杂样本_根系分类对比,False,False,True,False,True,bucket_main
Q0282,综合场景_方程更新,False,False,True,False,False,bucket_rejection
Q0283,边界样本_超大径木,True,False,False,False,False,bucket_rejection
Q0284,特殊场景_高海拔,False,False,True,False,True,bucket_main
Q0285,应用场景_速生林评估,False,False,True,False,True,bucket_main
Q0286,质量控制_小样本量,False,False,True,False,True,bucket_main
Q0287,综合场景_多论文对比,False,False,True,False,False,bucket_rejection
Q0288,广东_杉木,False,False,True,False,True,bucket_main
Q0289,广东_雷州桉1号,False,False,True,False,False,bucket_no_db
Q0290,山西_华北落叶松,False,False,True,False,True,bucket_main
Q0291,内蒙古_兴安落叶松,False,False,True,False,True,bucket_main
Q0292,内蒙古_白桦,False,False,True,False,True,bucket_main
Q0293,上海_桃,False,False,True,False,True,bucket_main
Q0294,上海_柑橘,False,False,True,False,True,bucket_main
Q0295,西藏_多种杨树,False,False,True,False,True,bucket_main
Q0296,福建_黧蒴锥,False,False,True,False,True,bucket_main
Q0297,负样本_跨区域,True,True,False,False,False,bucket_rejection
Q0298,广东_雷州桉1号,False,False,True,False,True,bucket_main
Q0299,广东_尾巨桉,False,False,True,False,False,bucket_no_db
Q0300,福建_水杉,False,False,True,False,True,bucket_main
Q0301,湖南_油桐,False,False,True,False,True,bucket_main
Q0302,福建_杉木,False,False,True,False,True,bucket_main
Q0303,贵州_猴樟,False,False,True,False,True,bucket_main
Q0304,贵州_银杏,False,False,True,False,True,bucket_main
Q0305,福建_千年桐,False,False,True,False,True,bucket_main
Q0306,福建_木麻黄,True,False,True,False,True,bucket_main
Q0307,湖北_杉木,False,False,True,False,True,bucket_main
Q0308,负样本_跨区域,True,True,False,False,False,bucket_rejection
Q0309,负样本_范围外,True,True,False,False,False,bucket_rejection
Q0310,正样本_基础匹配,False,False,True,False,True,bucket_main
Q0311,正样本_基础匹配,False,False,True,False,True,bucket_main
Q0312,正样本_对数方程,False,False,True,False,True,bucket_main
Q0313,正样本_落叶松,False,False,True,False,True,bucket_main
Q0314,正样本_杨树,False,False,True,False,True,bucket_main
Q0315,正样本_杂交树种,False,False,True,False,True,bucket_main
Q0316,负样本_树种混淆,True,True,False,False,False,bucket_rejection
Q0317,负样本_参数超范围,True,True,False,False,False,bucket_rejection
Q0318,负样本_径级不匹配,False,True,True,False,False,bucket_rejection
Q0319,负样本_跨区域,True,True,False,False,False,bucket_rejection
Q0320,负样本_组分不匹配,True,True,False,False,False,bucket_rejection
Q0321,负样本_样本量过小,False,True,True,False,True,bucket_rejection
Q0322,复杂场景_多方程选择,False,False,True,False,False,bucket_no_db
Q0323,复杂场景_方程形式对比,False,False,True,False,False,bucket_rejection
Q0324,复杂场景_径级选择,False,False,True,False,False,bucket_no_db
Q0325,复杂场景_对数方程理解,False,False,True,False,True,bucket_main
Q0326,复杂场景_特殊组分,False,False,True,False,False,bucket_no_db
Q0327,复杂场景_混淆树种,False,False,True,False,False,bucket_no_db
Q0328,复杂场景_速生林评估,False,False,True,False,True,bucket_main
Q0329,复杂场景_立地条件,False,False,True,False,True,bucket_main
Q0330,复杂场景_幼龄林,False,False,True,False,True,bucket_main
Q0331,边界情况_参数下限,False,False,True,False,True,bucket_main
Q0332,边界情况_参数上限,False,False,True,False,True,bucket_main
Q0333,边界情况_径级交界,False,False,True,False,False,bucket_no_db
Q0334,应用场景_碳汇计量,False,False,True,False,True,bucket_main
Q0335,应用场景_防护林监测,False,False,True,False,True,bucket_main
Q0336,应用场景_林分清查,False,False,True,False,True,bucket_main
Q0337,质量评估_R²对比,False,False,True,False,True,bucket_main
Q0338,质量评估_样本量影响,False,False,True,False,False,bucket_no_db
Q0339,质量评估_缺失信息,False,False,True,False,True,bucket_main
Q0340,正样本_ln形式,False,False,True,False,True,bucket_main
Q0341,正样本_大样本,False,False,True,False,True,bucket_main
Q0342,正样本_高R²,False,False,True,False,True,bucket_main
Q0343,正样本_新树种,False,False,True,False,True,bucket_main
Q0344,正样本_基础匹配,False,False,True,False,True,bucket_main
Q0345,负样本_树种混淆,True,True,False,False,False,bucket_rejection
Q0346,负样本_参数超范围,False,True,True,False,True,bucket_rejection
Q0347,负样本_小样本量,False,True,True,False,True,bucket_rejection
Q0348,负样本_跨区域,True,True,False,False,False,bucket_rejection
Q0349,负样本_品种混淆,True,True,False,False,False,bucket_rejection
Q0350,复杂场景_变量选择,False,False,True,False,False,bucket_no_db
Q0351,复杂场景_方程形式对比,False,False,True,False,False,bucket_no_db
Q0352,复杂场景_线性方程,False,False,True,False,False,bucket_no_db
Q0353,复杂场景_径级段选择,False,False,True,False,False,bucket_no_db
Q0354,复杂场景_立地条件,False,False,True,False,False,bucket_rejection
Q0355,边界情况_参数下限,False,False,True,False,True,bucket_main
Q0356,边界情况_参数上限,False,False,True,False,True,bucket_main
Q0357,边界情况_树高边界,False,False,True,False,True,bucket_main
Q0358,应用场景_速生林评估,False,False,True,False,True,bucket_main
Q0359,应用场景_防护林评估,False,False,True,False,True,bucket_main
Q0360,质量评估_极小样本,False,False,True,False,True,bucket_main
Q0361,质量评估_大样本,False,False,True,False,False,bucket_no_db
Q0362,特殊场景_二次项方程,False,False,True,False,True,bucket_main
Q0363,树种泛化_红松_安徽,True,False,False,False,False,bucket_rejection
Q0364,树种泛化_白桦_河南,True,False,False,False,False,bucket_rejection
Q0365,树种泛化_兴安落叶松_湖南,True,False,False,False,False,bucket_rejection
Q0366,树种泛化_红松_贵州,True,False,False,False,False,bucket_rejection
Q0367,树种泛化_华北落叶松_云南,True,False,False,False,False,bucket_rejection
Q0368,树种泛化_兴安落叶松_浙江,True,False,False,False,False,bucket_rejection
Q0369,地区泛化_马尾松_山西,True,False,False,False,False,bucket_rejection
Q0370,地区泛化_杉木_内蒙古,True,False,False,False,False,bucket_rejection
Q0371,地区泛化_红松_山东,True,False,False,False,False,bucket_rejection
Q0372,地区泛化_云南松_四川,True,False,False,False,False,bucket_rejection
Q0373,地区泛化_兴安落叶松_广西,True,False,False,False,False,bucket_rejection
Q0374,地区泛化_侧柏_云南,True,False,False,False,False,bucket_rejection
Q0375,地区泛化_毛白杨_福建,True,False,False,False,False,bucket_rejection
Q0376,地区泛化_橡胶树_广东,True,False,False,False,False,bucket_rejection
Q0377,意图理解_口语化树种,False,False,True,False,True,bucket_main
Q0378,意图理解_隐含组分,False,False,True,False,True,bucket_main
Q0379,意图理解_单位口语化,False,False,True,False,True,bucket_main
Q0380,意图理解_否定排除,True,False,False,False,False,bucket_rejection
Q0381,意图理解_反问句,False,False,True,False,True,bucket_main
Q0382,意图理解_比较意图,True,False,False,False,False,bucket_rejection
Q0383,意图理解_范围估算,False,False,True,False,True,bucket_main
Q0384,意图理解_植物特征识别,False,False,True,False,True,bucket_main
GEN_单位_0001,,False,False,True,False,True,bucket_gen
GEN_单位_0003,,False,False,True,False,True,bucket_gen
GEN_单位_0004,,False,False,True,False,True,bucket_gen
GEN_单位_0005,,False,False,True,False,True,bucket_gen
GEN_单位_0006,,False,False,True,False,True,bucket_gen
GEN_单位_0007,,False,False,True,False,True,bucket_gen
GEN_单位_0008,,False,False,True,False,True,bucket_gen
GEN_单位_0010,,False,False,True,False,True,bucket_gen
GEN_单位_0011,,False,False,True,False,True,bucket_gen
GEN_单位_0012,,False,False,True,False,True,bucket_gen
GEN_单位_0013,,False,False,True,False,True,bucket_gen
GEN_单位_0014,,False,False,True,False,True,bucket_gen
GEN_单位_0015,,False,False,True,False,True,bucket_gen
GEN_单位_0016,,False,False,True,False,True,bucket_gen
GEN_单位_0017,,False,False,True,False,True,bucket_gen
GEN_单位_0018,,False,False,True,False,True,bucket_gen
GEN_单位_0019,,False,False,True,False,True,bucket_gen
GEN_单位_0020,,False,False,True,False,True,bucket_gen
GEN_单位_0021,,False,False,True,False,True,bucket_gen
GEN_单位_0022,,False,False,True,False,True,bucket_gen
GEN_单位_0023,,False,False,True,False,True,bucket_gen
GEN_单位_0024,,False,False,True,False,True,bucket_gen
GEN_单位_0025,,False,False,True,False,True,bucket_gen
GEN_背景_0026,,False,False,True,False,True,bucket_gen
GEN_背景_0027,,False,False,True,False,True,bucket_gen
GEN_背景_0028,,False,False,True,False,True,bucket_gen
GEN_背景_0029,,False,False,True,False,True,bucket_gen
GEN_背景_0030,,False,False,True,False,True,bucket_gen
GEN_背景_0031,,False,False,True,False,True,bucket_gen
GEN_背景_0032,,False,False,True,False,True,bucket_gen
GEN_背景_0033,,False,False,True,False,True,bucket_gen
GEN_背景_0034,,False,False,True,False,True,bucket_gen
GEN_背景_0035,,False,False,True,False,True,bucket_gen
GEN_背景_0036,,False,False,True,False,True,bucket_gen
GEN_背景_0037,,False,False,True,False,True,bucket_gen
GEN_背景_0038,,False,False,True,False,True,bucket_gen
GEN_背景_0039,,False,False,True,False,True,bucket_gen
GEN_背景_0040,,False,False,True,False,True,bucket_gen
GEN_背景_0041,,False,False,True,False,True,bucket_gen
GEN_背景_0042,,False,False,True,False,True,bucket_gen
GEN_背景_0043,,False,False,True,False,True,bucket_gen
GEN_背景_0044,,False,False,True,False,True,bucket_gen
GEN_背景_0045,,False,False,True,False,True,bucket_gen
GEN_背景_0046,,False,False,True,False,True,bucket_gen
GEN_背景_0047,,False,False,True,False,True,bucket_gen
GEN_背景_0048,,False,False,True,False,True,bucket_gen
GEN_背景_0049,,False,False,True,False,True,bucket_gen
GEN_背景_0050,,False,False,True,False,True,bucket_gen
GEN_背景_0052,,False,False,True,False,True,bucket_gen
GEN_背景_0053,,False,False,True,False,True,bucket_gen
GEN_背景_0054,,False,False,True,False,True,bucket_gen
GEN_背景_0055,,False,False,True,False,True,bucket_gen
GEN_条件_0056,,False,False,True,False,True,bucket_gen
GEN_条件_0057,,False,False,True,False,True,bucket_gen
GEN_条件_0058,,False,False,True,False,True,bucket_gen
GEN_条件_0059,,False,False,True,False,True,bucket_gen
GEN_条件_0060,,False,False,True,False,True,bucket_gen
GEN_条件_0061,,False,False,True,False,True,bucket_gen
GEN_条件_0062,,False,False,True,False,True,bucket_gen
GEN_条件_0063,,False,False,True,False,True,bucket_gen
GEN_条件_0064,,False,False,True,False,True,bucket_gen
GEN_条件_0065,,False,False,True,False,True,bucket_gen
GEN_条件_0066,,False,False,True,False,True,bucket_gen
GEN_条件_0067,,False,False,True,False,True,bucket_gen
GEN_条件_0068,,False,False,True,False,True,bucket_gen
GEN_条件_0069,,False,False,True,False,True,bucket_gen
GEN_条件_0071,,False,False,True,False,True,bucket_gen
GEN_条件_0072,,False,False,True,False,True,bucket_gen
GEN_条件_0073,,False,False,True,False,True,bucket_gen
GEN_条件_0074,,False,False,True,False,True,bucket_gen
GEN_条件_0075,,False,False,True,False,True,bucket_gen
GEN_错误_0076,,False,True,True,False,True,bucket_rejection
GEN_错误_0077,,False,True,True,False,True,bucket_rejection
GEN_错误_0078,,False,True,True,False,True,bucket_rejection
GEN_错误_0079,,False,True,True,False,True,bucket_rejection
GEN_错误_0080,,False,True,True,False,True,bucket_rejection
GEN_错误_0081,,False,True,True,False,True,bucket_rejection
GEN_错误_0082,,False,True,True,False,True,bucket_rejection
GEN_错误_0083,,False,True,True,False,True,bucket_rejection
GEN_错误_0084,,False,True,True,False,True,bucket_rejection
GEN_错误_0085,,False,True,True,False,True,bucket_rejection
GEN_错误_0086,,False,True,True,False,True,bucket_rejection
GEN_错误_0087,,False,True,True,False,True,bucket_rejection
GEN_错误_0088,,False,True,True,False,True,bucket_rejection
GEN_错误_0089,,False,True,True,False,True,bucket_rejection
GEN_错误_0090,,False,True,True,False,True,bucket_rejection
GEN_错误_0091,,False,True,True,False,True,bucket_rejection
GEN_错误_0092,,False,True,True,False,True,bucket_rejection
GEN_错误_0093,,False,True,True,False,True,bucket_rejection
GEN_错误_0094,,False,True,True,False,True,bucket_rejection
GEN_错误_0095,,False,True,True,False,True,bucket_rejection
GEN_错误_0096,,False,True,True,False,True,bucket_rejection
GEN_错误_0097,,False,True,True,False,True,bucket_rejection
GEN_错误_0098,,False,True,True,False,True,bucket_rejection
GEN_错误_0099,,False,True,True,False,True,bucket_rejection
GEN_错误_0100,,False,True,True,False,True,bucket_rejection
GEN_术语_0101,,False,False,True,False,True,bucket_gen
GEN_术语_0102,,False,False,True,False,True,bucket_gen
GEN_术语_0103,,False,False,True,False,True,bucket_gen
GEN_术语_0104,,False,False,True,False,True,bucket_gen
GEN_术语_0105,,False,False,True,False,True,bucket_gen
GEN_术语_0106,,False,False,True,False,True,bucket_gen
GEN_术语_0107,,False,False,True,False,True,bucket_gen
GEN_术语_0108,,False,False,True,False,True,bucket_gen
GEN_术语_0109,,False,False,True,False,True,bucket_gen
GEN_术语_0110,,False,False,True,False,True,bucket_gen
GEN_术语_0111,,False,False,True,False,True,bucket_gen
GEN_术语_0112,,False,False,True,False,True,bucket_gen
GEN_术语_0113,,False,False,True,False,True,bucket_gen
GEN_术语_0114,,False,False,True,False,True,bucket_gen
GEN_术语_0115,,False,False,True,False,True,bucket_gen
GEN_术语_0116,,False,False,True,False,True,bucket_gen
GEN_术语_0117,,False,False,True,False,True,bucket_gen
GEN_术语_0118,,False,False,True,False,True,bucket_gen
GEN_术语_0119,,False,False,True,False,True,bucket_gen
GEN_术语_0120,,False,False,True,False,True,bucket_gen
GEN_术语_0121,,False,False,True,False,True,bucket_gen
GEN_术语_0122,,False,False,True,False,True,bucket_gen
GEN_术语_0123,,False,False,True,False,True,bucket_gen
GEN_术语_0124,,False,False,True,False,True,bucket_gen
GEN_术语_0125,,False,False,True,False,True,bucket_gen
GEN_术语_0126,,False,False,True,False,True,bucket_gen
GEN_术语_0127,,False,False,True,False,True,bucket_gen
GEN_术语_0128,,False,False,True,False,True,bucket_gen
GEN_术语_0129,,False,False,True,False,True,bucket_gen
GEN_术语_0130,,False,False,True,False,True,bucket_gen
NEG_OOD_C_001,负样本_超出知识边界,True,True,False,False,False,bucket_rejection
NEG_OOD_C_002,负样本_超出知识边界,True,True,False,False,False,bucket_rejection
NEG_OOD_C_003,负样本_超出知识边界,True,True,False,False,False,bucket_rejection
NEG_OOD_C_004,负样本_超出知识边界,True,True,False,False,False,bucket_rejection
NEG_PARAM_001,负样本_参数异常,True,True,False,False,False,bucket_rejection
NEG_PARAM_002,负样本_参数异常,True,True,False,False,False,bucket_rejection
NEG_PARAM_003,负样本_参数异常,True,True,False,False,False,bucket_rejection
NEG_PARAM_004,负样本_参数异常,True,True,False,False,False,bucket_rejection
NEG_PARAM_005,负样本_参数异常,True,True,False,False,False,bucket_rejection
NEG_PARAM_006,负样本_参数异常,True,True,False,False,False,bucket_rejection
NEG_PARAM_007,负样本_参数异常,True,True,False,False,False,bucket_rejection
NEG_PARAM_008,负样本_参数异常,True,True,False,False,False,bucket_rejection
NEG_PARAM_009,负样本_参数异常,True,True,False,False,False,bucket_rejection
NEG_PARAM_010,负样本_参数异常,True,True,False,False,False,bucket_rejection
NEG_PARAM_011,负样本_参数异常,True,True,False,False,False,bucket_rejection
NEG_PARAM_012,负样本_参数异常,True,True,False,False,False,bucket_rejection
NEG_PARAM_013,负样本_参数异常,True,True,False,False,False,bucket_rejection
NEG_AMBIG_001,负样本_信息严重不足,True,True,False,False,False,bucket_rejection
NEG_AMBIG_002,负样本_信息严重不足,True,True,False,False,False,bucket_rejection
NEG_AMBIG_003,负样本_信息严重不足,True,True,False,False,False,bucket_rejection
NEG_AMBIG_004,负样本_信息严重不足,True,True,False,False,False,bucket_rejection
NEG_AMBIG_005,负样本_信息严重不足,True,True,False,False,False,bucket_rejection
NEG_AMBIG_006,负样本_信息严重不足,True,True,False,False,False,bucket_rejection
NEG_AMBIG_007,负样本_信息严重不足,True,True,False,False,False,bucket_rejection
NEG_AMBIG_008,负样本_信息严重不足,True,True,False,False,False,bucket_rejection
NEG_AMBIG_009,负样本_信息严重不足,True,True,False,False,False,bucket_rejection
NEG_AMBIG_010,负样本_信息严重不足,True,True,False,False,False,bucket_rejection
